{
	"info": {
		"_postman_id": "eb5f5e3a-93c2-4fdb-9f97-f6be4a08c25c",
		"name": "pruebasinergia",
		"schema": "https://schema.getpostman.com/json/collection/v2.1.0/collection.json"
	},
	"item": [
		{
			"name": "productosApi",
			"request": {
				"method": "GET",
				"header": [],
				"url": null
			},
			"response": []
		},
		{
			"name": "agregaproducto",
			"request": {
				"method": "POST",
				"header": [
					{
						"key": "content-type",
						"value": "application/json",
						"type": "text"
					}
				],
				"body": {
					"mode": "raw",
					"raw": "{  \r\n  \"descripcion\": \"Camisa\",\r\n  \"categoria\": \"grande\",\r\n  \"proveedor\": \"Tia\",\r\n  \"marca\": \"adidas\",\r\n  \"medidas\": \"6\",\r\n  \"cantidad\": 50,\r\n  \"precio_unitario\": 45\r\n}"
				},
				"url": {
					"raw": "https://localhost:44300/api/productos",
					"protocol": "https",
					"host": [
						"localhost"
					],
					"port": "44300",
					"path": [
						"api",
						"productos"
					]
				}
			},
			"response": []
		},
		{
			"name": "eliminaProducto",
			"request": {
				"method": "GET",
				"header": [],
				"url": null
			},
			"response": []
		}
	]
}